{
  "train_loss": [
    0.9193605153917485,
    0.6040049228637364,
    0.3775819155168945,
    0.28920527596168394,
    0.24681118869774804,
    0.22951151394153918,
    0.21213937056637003,
    0.1816371395044828,
    0.16624871762600069,
    0.15259937430032652
  ],
  "val_auc": [
    0.9748272081605415,
    0.9878354545021212,
    0.9951808951808951,
    0.9978120978120978,
    0.9984555984555984,
    0.9988416988416988,
    0.998913198913199,
    0.9987463654130321,
    0.9986796320129654,
    0.9985699985699985
  ],
  "val_loss": [
    0.8201268002853184,
    0.5301202463302059,
    0.37066831089145513,
    0.3095418779609237,
    0.28041215003069725,
    0.258339810154025,
    0.23031301175409932,
    0.20469683831097413,
    0.19245522140303606,
    0.18582874360920767
  ]
}