{
  "train_loss": [
    1.0453354518018998,
    0.9496163966874891,
    0.8625944845937645,
    0.7896812071051471,
    0.7225590550268,
    0.6669103857596423,
    0.6319480653761399,
    0.6090406886066162,
    0.5930021663189377,
    0.581319463664712,
    0.5710846123506524,
    0.5618897298834841,
    0.5537759022761318,
    0.5467470839354929,
    0.5401660917733659
  ],
  "val_auc": [
    0.488030888030888,
    0.9375232375232375,
    0.9660612993946327,
    0.9777730111063444,
    0.9793126459793127,
    0.9784403451070118,
    0.9771724105057439,
    0.9758615758615758,
    0.9750798417465084,
    0.9745412078745412,
    0.9741408074741409,
    0.9740359407026074,
    0.9734687068020401,
    0.9729539062872395,
    0.9729777396444064
  ]
}